{
  "mode": "oblique",
  "model": "C:/Users/NEBRATA/Desktop/Memoire/modeles/classification/yolo_classification/runs/detect/train3/weights/best.pt",
  "dataset_yaml": "C:/Users/NEBRATA/Desktop/Memoire/modeles/classification/yolo_classification/runs/detect/train/oblique/dataset/dataset.yaml",
  "mAP50": 0.8029209746878334,
  "mAP50_95": 0.5174527877345886,
  "precision": 0.7445341273880698,
  "recall": 0.7591683681976663,
  "f1_score": 0.7517800365643498,
  "inference_ms": 2124.11027001217,
  "fps_gpu": 0.47078535145648087,
  "params_M": null,
  "per_class_AP50": {
    "batiment_peint": 0.5393170731707319,
    "batiment_non_enduit": 0.48331035861513805,
    "batiment_enduit": 0.5297309314178958
  },
  "per_class_precision": {
    "batiment_peint": 0.7914842577435228,
    "batiment_non_enduit": 0.7490907077080496,
    "batiment_enduit": 0.6930274167126371
  },
  "per_class_recall": {
    "batiment_peint": 0.8,
    "batiment_non_enduit": 0.6890435661314603,
    "batiment_enduit": 0.7884615384615384
  },
  "per_class_f1": {
    "batiment_peint": 0.7957193457792407,
    "batiment_non_enduit": 0.7178135477114634,
    "batiment_enduit": 0.7376706539307673
  },
  "evaluated_at": "2026-04-11T12:46:48.304790"
}