{
  "per_class": {
    "panneau_solaire": {
      "iou_0.5": {
        "TP": 133,
        "FP": 11,
        "FN": 66,
        "Precision": 0.9236111111111112,
        "Recall": 0.6683417085427136,
        "F1": 0.7755102040816327
      },
      "iou_0.55": {
        "TP": 132,
        "FP": 12,
        "FN": 67,
        "Precision": 0.9166666666666666,
        "Recall": 0.6633165829145728,
        "F1": 0.7696793002915451
      },
      "iou_0.6": {
        "TP": 132,
        "FP": 12,
        "FN": 67,
        "Precision": 0.9166666666666666,
        "Recall": 0.6633165829145728,
        "F1": 0.7696793002915451
      },
      "iou_0.65": {
        "TP": 130,
        "FP": 14,
        "FN": 69,
        "Precision": 0.9027777777777778,
        "Recall": 0.6532663316582915,
        "F1": 0.7580174927113703
      },
      "iou_0.7": {
        "TP": 128,
        "FP": 16,
        "FN": 71,
        "Precision": 0.8888888888888888,
        "Recall": 0.6432160804020101,
        "F1": 0.7463556851311953
      },
      "iou_0.75": {
        "TP": 120,
        "FP": 24,
        "FN": 79,
        "Precision": 0.8333333333333334,
        "Recall": 0.6030150753768844,
        "F1": 0.6997084548104955
      },
      "iou_0.8": {
        "TP": 108,
        "FP": 36,
        "FN": 91,
        "Precision": 0.75,
        "Recall": 0.542713567839196,
        "F1": 0.629737609329446
      },
      "iou_0.85": {
        "TP": 81,
        "FP": 63,
        "FN": 118,
        "Precision": 0.5625,
        "Recall": 0.40703517587939697,
        "F1": 0.4723032069970845
      },
      "iou_0.9": {
        "TP": 36,
        "FP": 108,
        "FN": 163,
        "Precision": 0.25,
        "Recall": 0.18090452261306533,
        "F1": 0.2099125364431487
      },
      "iou_0.95": {
        "TP": 6,
        "FP": 138,
        "FN": 193,
        "Precision": 0.041666666666666664,
        "Recall": 0.03015075376884422,
        "F1": 0.034985422740524776
      }
    },
    "batiment_peint": {
      "iou_0.5": {
        "TP": 2,
        "FP": 1,
        "FN": 8,
        "Precision": 0.6666666666666666,
        "Recall": 0.2,
        "F1": 0.30769230769230765
      },
      "iou_0.55": {
        "TP": 2,
        "FP": 1,
        "FN": 8,
        "Precision": 0.6666666666666666,
        "Recall": 0.2,
        "F1": 0.30769230769230765
      },
      "iou_0.6": {
        "TP": 2,
        "FP": 1,
        "FN": 8,
        "Precision": 0.6666666666666666,
        "Recall": 0.2,
        "F1": 0.30769230769230765
      },
      "iou_0.65": {
        "TP": 2,
        "FP": 1,
        "FN": 8,
        "Precision": 0.6666666666666666,
        "Recall": 0.2,
        "F1": 0.30769230769230765
      },
      "iou_0.7": {
        "TP": 1,
        "FP": 2,
        "FN": 9,
        "Precision": 0.3333333333333333,
        "Recall": 0.1,
        "F1": 0.15384615384615383
      },
      "iou_0.75": {
        "TP": 1,
        "FP": 2,
        "FN": 9,
        "Precision": 0.3333333333333333,
        "Recall": 0.1,
        "F1": 0.15384615384615383
      },
      "iou_0.8": {
        "TP": 1,
        "FP": 2,
        "FN": 9,
        "Precision": 0.3333333333333333,
        "Recall": 0.1,
        "F1": 0.15384615384615383
      },
      "iou_0.85": {
        "TP": 0,
        "FP": 3,
        "FN": 10,
        "Precision": 0.0,
        "Recall": 0.0,
        "F1": 0
      },
      "iou_0.9": {
        "TP": 0,
        "FP": 3,
        "FN": 10,
        "Precision": 0.0,
        "Recall": 0.0,
        "F1": 0
      },
      "iou_0.95": {
        "TP": 0,
        "FP": 3,
        "FN": 10,
        "Precision": 0.0,
        "Recall": 0.0,
        "F1": 0
      }
    },
    "batiment_non_enduit": {
      "iou_0.5": {
        "TP": 21,
        "FP": 4,
        "FN": 10,
        "Precision": 0.84,
        "Recall": 0.6774193548387096,
        "F1": 0.75
      },
      "iou_0.55": {
        "TP": 21,
        "FP": 4,
        "FN": 10,
        "Precision": 0.84,
        "Recall": 0.6774193548387096,
        "F1": 0.75
      },
      "iou_0.6": {
        "TP": 21,
        "FP": 4,
        "FN": 10,
        "Precision": 0.84,
        "Recall": 0.6774193548387096,
        "F1": 0.75
      },
      "iou_0.65": {
        "TP": 21,
        "FP": 4,
        "FN": 10,
        "Precision": 0.84,
        "Recall": 0.6774193548387096,
        "F1": 0.75
      },
      "iou_0.7": {
        "TP": 21,
        "FP": 4,
        "FN": 10,
        "Precision": 0.84,
        "Recall": 0.6774193548387096,
        "F1": 0.75
      },
      "iou_0.75": {
        "TP": 19,
        "FP": 6,
        "FN": 12,
        "Precision": 0.76,
        "Recall": 0.6129032258064516,
        "F1": 0.6785714285714285
      },
      "iou_0.8": {
        "TP": 17,
        "FP": 8,
        "FN": 14,
        "Precision": 0.68,
        "Recall": 0.5483870967741935,
        "F1": 0.6071428571428571
      },
      "iou_0.85": {
        "TP": 10,
        "FP": 15,
        "FN": 21,
        "Precision": 0.4,
        "Recall": 0.3225806451612903,
        "F1": 0.3571428571428571
      },
      "iou_0.9": {
        "TP": 4,
        "FP": 21,
        "FN": 27,
        "Precision": 0.16,
        "Recall": 0.12903225806451613,
        "F1": 0.14285714285714285
      },
      "iou_0.95": {
        "TP": 1,
        "FP": 24,
        "FN": 30,
        "Precision": 0.04,
        "Recall": 0.03225806451612903,
        "F1": 0.03571428571428571
      }
    },
    "batiment_enduit": {
      "iou_0.5": {
        "TP": 22,
        "FP": 3,
        "FN": 25,
        "Precision": 0.88,
        "Recall": 0.46808510638297873,
        "F1": 0.6111111111111112
      },
      "iou_0.55": {
        "TP": 22,
        "FP": 3,
        "FN": 25,
        "Precision": 0.88,
        "Recall": 0.46808510638297873,
        "F1": 0.6111111111111112
      },
      "iou_0.6": {
        "TP": 21,
        "FP": 4,
        "FN": 26,
        "Precision": 0.84,
        "Recall": 0.44680851063829785,
        "F1": 0.5833333333333334
      },
      "iou_0.65": {
        "TP": 21,
        "FP": 4,
        "FN": 26,
        "Precision": 0.84,
        "Recall": 0.44680851063829785,
        "F1": 0.5833333333333334
      },
      "iou_0.7": {
        "TP": 20,
        "FP": 5,
        "FN": 27,
        "Precision": 0.8,
        "Recall": 0.425531914893617,
        "F1": 0.5555555555555557
      },
      "iou_0.75": {
        "TP": 18,
        "FP": 7,
        "FN": 29,
        "Precision": 0.72,
        "Recall": 0.3829787234042553,
        "F1": 0.4999999999999999
      },
      "iou_0.8": {
        "TP": 14,
        "FP": 11,
        "FN": 33,
        "Precision": 0.56,
        "Recall": 0.2978723404255319,
        "F1": 0.3888888888888889
      },
      "iou_0.85": {
        "TP": 9,
        "FP": 16,
        "FN": 38,
        "Precision": 0.36,
        "Recall": 0.19148936170212766,
        "F1": 0.24999999999999994
      },
      "iou_0.9": {
        "TP": 2,
        "FP": 23,
        "FN": 45,
        "Precision": 0.08,
        "Recall": 0.0425531914893617,
        "F1": 0.05555555555555556
      },
      "iou_0.95": {
        "TP": 0,
        "FP": 25,
        "FN": 47,
        "Precision": 0.0,
        "Recall": 0.0,
        "F1": 0
      }
    }
  },
  "overall": {
    "iou_0.5": {
      "TP": 178,
      "FP": 19,
      "FN": 109,
      "Precision": 0.9035532994923858,
      "Recall": 0.6202090592334495,
      "F1": 0.7355371900826446
    },
    "iou_0.55": {
      "TP": 177,
      "FP": 20,
      "FN": 110,
      "Precision": 0.8984771573604061,
      "Recall": 0.6167247386759582,
      "F1": 0.7314049586776858
    },
    "iou_0.6": {
      "TP": 176,
      "FP": 21,
      "FN": 111,
      "Precision": 0.8934010152284264,
      "Recall": 0.6132404181184669,
      "F1": 0.7272727272727272
    },
    "iou_0.65": {
      "TP": 174,
      "FP": 23,
      "FN": 113,
      "Precision": 0.883248730964467,
      "Recall": 0.6062717770034843,
      "F1": 0.7190082644628099
    },